{
  "best_by_cum_r": "v9b_ob_standalone",
  "best_cum_r": 608.6500486758671,
  "v8a_baseline_cum_r": 78.72286717476278,
  "ob_standalone_cum_r": 608.6500486758671,
  "combined_cum_r": 156.12077883077518,
  "elapsed_min": 1.7,
  "generated_at": "2026-05-16T18:02:11.543557+00:00"
}